StartDate,EndDate,Status,Progress,Duration (in seconds),Finished,RecordedDate,ResponseId,DistributionChannel,,,I1,Q0.1,Q0.2,Q0.2_4_TEXT,Q0.3,Q0.4,Q0.4_8_TEXT,Q0.5,Q0.6,Q0.7,Q0.8_1,Q0.8_2,Q0.8_3,Q0.8_4,Q1.1_1,Q1.1_2,Q1.1_3,Q1.1_4,Q1.2_1,Q1.2_2,Q1.2_3,Q1.2_4,Q1.2_5,Q1.2_6,Q1.2_7,Q1.2_8,Q1.2_9,Q1.2_10,Q1.2_10_TEXT,Q1.3_1,Q1.3_2,Q1.3_3,Q1.3_4,Q1.3_5,Q1.3_6,Q1.3_7,Q1.3_8,Q1.3_9,Q1.3_10,Q1.3_10_TEXT,Q1.4_1,Q1.4_2,Q1.4_3,Q1.4_4,Q1.4_5,Q1.5,Q2.1_1,Q2.1_2,Q2.1_3,Q2.1_4,Q2.2_1,Q2.2_2,Q2.2_3,Q2.2_4,Q2.2_5,Q2.2_6,Q2.2_7,Q3.1,Q3.1.1,Q3.1.1_4_TEXT,Q3.2,Q3.3,Q3.4_1,Q3.4_2,Q3.4_3,Q3.4_4,Q3.4_5,Q3.4_6,Q4.1,Q4.1.1,Q4.2_1,Q4.2_2,Q4.2_3,Q4.2_4,Q4.2_5,Q4.2_6,Q4.2_7,Q4.2_7_TEXT,Q4.3_1,Q4.3_2,Q4.3_3,Q4.3_4,Q4.4_1,Q4.4_2,Q4.4_3,Q4.4_4,Q4.5,Q5.1,Q5.1_8_TEXT,Q5.2,Q5.3_1,Q5.3_2,Q5.3_3,Q5.3_4,Q5.3_5,Q5.3_6,Q5.4_1,Q5.4_2,Q5.4_3,Q5.4_4,Q5.4_5,Q5.4_6,Q6.1_1,Q6.1_2,Q6.1_3,Q6.1_4,Q6.1_5,Q6.1_6,Q6.1_7,Q6.2_1,Q6.2_2,Q6.2_3,Q6.2_4,Q6.2_5,Q6.2_6,Q6.3,Q6.4,Q7.1_1,Q7.1_2,Q7.1_3,Q7.1_4,Q7.2,Q7.3
Start Date,End Date,Response Type,Progress,Duration (in seconds),Finished,Recorded Date,Response ID,Distribution Channel,,,Check this box before continuing to consent to taking the survey:,Which profile matches the work you perform?,What type of organization do you work for? - Selected Choice,What type of organization do you work for? - Other: - Text,List of Countries,What is your professional title? - Selected Choice,What is your professional title? - Other - Text,What is your age?,How many years have you worked in research?,What is your gender?,How often do you work on projects that have the following team size? - 1 person,How often do you work on projects that have the following team size? - 2 - 5 people,How often do you work on projects that have the following team size? - 6 - 20 people,How often do you work on projects that have the following team size? - 20+ people,To what extent was the software targeted at each of these groups of users? - Just me,To what extent was the software targeted at each of these groups of users? - Just my team,To what extent was the software targeted at each of these groups of users? - Just my discipline,To what extent was the software targeted at each of these groups of users? - More than one discipline,"What percent of your time did you actually spend in the following activities?

(total should be 100%) - Requirements gathering / documentation:","What percent of your time did you actually spend in the following activities?

(total should be 100%) - Software architecture / design:","What percent of your time did you actually spend in the following activities?

(total should be 100%) - Coding:","What percent of your time did you actually spend in the following activities?

(total should be 100%) - Testing:","What percent of your time did you actually spend in the following activities?

(total should be 100%) - Debugging:","What percent of your time did you actually spend in the following activities?

(total should be 100%) - Maintenance:","What percent of your time did you actually spend in the following activities?

(total should be 100%) - Documentation:","What percent of your time did you actually spend in the following activities?

(total should be 100%) - Meetings:","What percent of your time did you actually spend in the following activities?

(total should be 100%) - Training:","What percent of your time did you actually spend in the following activities?

(total should be 100%) - Other:","What percent of your time did you actually spend in the following activities?

(total should be 100%) - Other: - Text","What percent of time would you have liked to have spent in each activity?

(total should be 100%) - Requirements gathering / documentation:","What percent of time would you have liked to have spent in each activity?

(total should be 100%) - Software architecture / design:","What percent of time would you have liked to have spent in each activity?

(total should be 100%) - Coding:","What percent of time would you have liked to have spent in each activity?

(total should be 100%) - Testing:","What percent of time would you have liked to have spent in each activity?

(total should be 100%) - Debugging:","What percent of time would you have liked to have spent in each activity?

(total should be 100%) - Maintenance:","What percent of time would you have liked to have spent in each activity?

(total should be 100%) - Documentation:","What percent of time would you have liked to have spent in each activity?

(total should be 100%) - Meetings:","What percent of time would you have liked to have spent in each activity?

(total should be 100%) - Training:","What percent of time would you have liked to have spent in each activity?

(total should be 100%) - Other:","What percent of time would you have liked to have spent in each activity?

(total should be 100%) - Other: - Text",Which of the following types of testing did you employ? - Unit,Which of the following types of testing did you employ? - Integration,Which of the following types of testing did you employ? - System,Which of the following types of testing did you employ? - User,Which of the following types of testing did you employ? - Regression,Did you release the software under an open-source license?,"In the last 5 years, how much experience do you have with each of the following types of projects: - Single developer","In the last 5 years, how much experience do you have with each of the following types of projects: - Co-located team (i.e. a team, located in a single place or institution with well-coordinated funding/organization)","In the last 5 years, how much experience do you have with each of the following types of projects: - Distributed team (i.e. a well-defined team, located in multiple places or institutions with well-coordinated funding/organization)","In the last 5 years, how much experience do you have with each of the following types of projects: - Open-source community (i.e. a group of developers who are distributed and working under multiple independant funding sources)",How well do current tools support each of the following activities? - Requirements gathering / documentation,How well do current tools support each of the following activities? - Software architecture / design,How well do current tools support each of the following activities? - Coding,How well do current tools support each of the following activities? - Testing,How well do current tools support each of the following activities? - Debugging,How well do current tools support each of the following activities? - Maintenance,How well do current tools support each of the following activities? - Documentation,Have you received training for software development?,Where? - Selected Choice,Where? - Other - Text,Do you believe there are sufficient opportunities available for exploring or obtaining new software skills?,Do you have sufficient time to take the types of training you need to be successful?,"For each of the following types of training (languages, development techniques, and project management), which mode of delivery do you prefer? Please select your top two modes of delivery preferences for each of the training types. - On-site custom training","For each of the following types of training (languages, development techniques, and project management), which mode of delivery do you prefer? Please select your top two modes of delivery preferences for each of the training types. - Workshops or short courses (e.g., before or after a conference)","For each of the following types of training (languages, development techniques, and project management), which mode of delivery do you prefer? Please select your top two modes of delivery preferences for each of the training types. - Carpentries / software boot camps","For each of the following types of training (languages, development techniques, and project management), which mode of delivery do you prefer? Please select your top two modes of delivery preferences for each of the training types. - Summer schools (in-person or virtual)","For each of the following types of training (languages, development techniques, and project management), which mode of delivery do you prefer? Please select your top two modes of delivery preferences for each of the training types. - MOOCs (Massive Open Online Courses), webinars, or self-directed online courses","For each of the following types of training (languages, development techniques, and project management), which mode of delivery do you prefer? Please select your top two modes of delivery preferences for each of the training types. - Other",Have you ever included costs for software development in a funding proposal?,Select all costs for software development in your funding proposals?,"What percent of the funding for your software work
comes from each of the following? (total should be 100%) - NSF:","What percent of the funding for your software work
comes from each of the following? (total should be 100%) - NIH:","What percent of the funding for your software work
comes from each of the following? (total should be 100%) - DoD","What percent of the funding for your software work
comes from each of the following? (total should be 100%) - NASA","What percent of the funding for your software work
comes from each of the following? (total should be 100%) - NOAA","What percent of the funding for your software work
comes from each of the following? (total should be 100%) - Your own institution (e.g. faculty salary)","What percent of the funding for your software work
comes from each of the following? (total should be 100%) - Other:","What percent of the funding for your software work
comes from each of the following? (total should be 100%) - Other: - Text","Does your institution provide support for your
research software development activities in the following ways: - Financial","Does your institution provide support for your
research software development activities in the following ways: - Infrastructural (repositories, computing, etc.)","Does your institution provide support for your
research software development activities in the following ways: - Consulting / RSE support","Does your institution provide support for your
research software development activities in the following ways: - Other",Does your institution provide / support the research software development you need in the following ways: - Financial,"Does your institution provide / support the research software development you need in the following ways: - Infrastructural (repositories, computing, etc.)",Does your institution provide / support the research software development you need in the following ways: - Consulting / RSE support,Does your institution provide / support the research software development you need in the following ways: - Other,"What are the most significant gaps in your current institutional / organizational support of software related
research?","In your institution, which of the following positions are available for people whose primary role is to
develop research software? - Selected Choice","In your institution, which of the following positions are available for people whose primary role is to
develop research software? - Other - Text","Is there opportunity for career advancement (e.g., tenure, more senior positions) for people whose
primary role is to develop research software at your institution?","With regard to hiring and maintaining a highly
qualified software development staff, how important are the following concerns? - Identifying a pipeline for future staff","With regard to hiring and maintaining a highly
qualified software development staff, how important are the following concerns? - Attracting staff from underrepresented groups (e.g., race, gender, ethnicity, etc.)","With regard to hiring and maintaining a highly
qualified software development staff, how important are the following concerns? - Availability of staff who can work across disciplines","With regard to hiring and maintaining a highly
qualified software development staff, how important are the following concerns? - Competing with industry for top performers","With regard to hiring and maintaining a highly
qualified software development staff, how important are the following concerns? - Offering a viable career path","With regard to hiring and maintaining a highly
qualified software development staff, how important are the following concerns? - Opportunities to outsource skilled work","In your opinion: How important were the following
concerns when you were hired into your current position? - Diversity in the organization (e.g., in terms of race, gender, ethnicity)","In your opinion: How important were the following
concerns when you were hired into your current position? - Your experience as programmer or software engineer","In your opinion: How important were the following
concerns when you were hired into your current position? - Your background in science","In your opinion: How important were the following
concerns when you were hired into your current position? - Your knowledge of diverse programming languages","In your opinion: How important were the following
concerns when you were hired into your current position? - Your knowledge and capabilities across disciplines","In your opinion: How important were the following
concerns when you were hired into your current position? - Your potential for growth","When you write a paper and the work being described uses software, how often do you use each of the
following approaches to mention the software? - Cite paper about the software","When you write a paper and the work being described uses software, how often do you use each of the
following approaches to mention the software? - Cite the software user’s manual","When you write a paper and the work being described uses software, how often do you use each of the
following approaches to mention the software? - Mention the name of the software","When you write a paper and the work being described uses software, how often do you use each of the
following approaches to mention the software? - Mention the URL of the software","When you write a paper and the work being described uses software, how often do you use each of the
following approaches to mention the software? - Cite the URL of the software","When you write a paper and the work being described uses software, how often do you use each of the
following approaches to mention the software? - Cite the published / archived software itself","When you write a paper and the work being described uses software, how often do you use each of the
following approaches to mention the software? - Other","How often do you currently receive the following
types of credit for your software contributions? - (Co)author on research paper","How often do you currently receive the following
types of credit for your software contributions? - (Co)author on software paper","How often do you currently receive the following
types of credit for your software contributions? - Acknowledgement in paper","How often do you currently receive the following
types of credit for your software contributions? - Software cited in a paper","How often do you currently receive the following
types of credit for your software contributions? - Funded/hired to work on the software","How often do you currently receive the following
types of credit for your software contributions? - Other","For your job role, does your institution allow software contributions to be considered in performance
reviews or promotion cases?","How important do you believe software contributions are for your own performance review or promotion
case?",How well does your project do the following: - Recruit participants from underrepresented groups,How well does your project do the following: - Retain participants from underrepresented groups,How well does your project do the following: - Include participants from underrepresented groups in governance and leadership positions,How well does your project do the following: - Maintain a culture of inclusion,What are the challenges you face in creating / maintaining a culture of inclusion?,"Does your project do any measurement, tracking, or analysis of developer or user communities - with
regard to diversity and/or inclusion? If so, please describe below."
"{""ImportId"":""startDate"",""timeZone"":""America/Denver""}","{""ImportId"":""endDate"",""timeZone"":""America/Denver""}","{""ImportId"":""status""}","{""ImportId"":""progress""}","{""ImportId"":""duration""}","{""ImportId"":""finished""}","{""ImportId"":""recordedDate"",""timeZone"":""America/Denver""}","{""ImportId"":""_recordId""}","{""ImportId"":""distributionChannel""}",,,"{""ImportId"":""QID98""}","{""ImportId"":""QID1""}","{""ImportId"":""QID2""}","{""ImportId"":""QID2_4_TEXT""}","{""ImportId"":""QID1216987505""}","{""ImportId"":""QID6""}","{""ImportId"":""QID6_8_TEXT""}","{""ImportId"":""QID8""}","{""ImportId"":""QID9""}","{""ImportId"":""QID10""}","{""ImportId"":""QID12_1""}","{""ImportId"":""QID12_2""}","{""ImportId"":""QID12_3""}","{""ImportId"":""QID12_4""}","{""ImportId"":""QID13_1""}","{""ImportId"":""QID13_2""}","{""ImportId"":""QID13_3""}","{""ImportId"":""QID13_4""}","{""ImportId"":""QID16_1""}","{""ImportId"":""QID16_2""}","{""ImportId"":""QID16_3""}","{""ImportId"":""QID16_4""}","{""ImportId"":""QID16_5""}","{""ImportId"":""QID16_6""}","{""ImportId"":""QID16_7""}","{""ImportId"":""QID16_8""}","{""ImportId"":""QID16_9""}","{""ImportId"":""QID16_10""}","{""ImportId"":""QID16_10_TEXT""}","{""ImportId"":""QID18_1""}","{""ImportId"":""QID18_2""}","{""ImportId"":""QID18_3""}","{""ImportId"":""QID18_4""}","{""ImportId"":""QID18_5""}","{""ImportId"":""QID18_6""}","{""ImportId"":""QID18_7""}","{""ImportId"":""QID18_8""}","{""ImportId"":""QID18_9""}","{""ImportId"":""QID18_10""}","{""ImportId"":""QID18_10_TEXT""}","{""ImportId"":""QID19_1""}","{""ImportId"":""QID19_2""}","{""ImportId"":""QID19_3""}","{""ImportId"":""QID19_4""}","{""ImportId"":""QID19_5""}","{""ImportId"":""QID20""}","{""ImportId"":""QID22_1""}","{""ImportId"":""QID22_2""}","{""ImportId"":""QID22_3""}","{""ImportId"":""QID22_4""}","{""ImportId"":""QID23_1""}","{""ImportId"":""QID23_2""}","{""ImportId"":""QID23_3""}","{""ImportId"":""QID23_4""}","{""ImportId"":""QID23_5""}","{""ImportId"":""QID23_6""}","{""ImportId"":""QID23_7""}","{""ImportId"":""QID25""}","{""ImportId"":""QID26""}","{""ImportId"":""QID26_4_TEXT""}","{""ImportId"":""QID27""}","{""ImportId"":""QID28""}","{""ImportId"":""QID29_1""}","{""ImportId"":""QID29_2""}","{""ImportId"":""QID29_3""}","{""ImportId"":""QID29_4""}","{""ImportId"":""QID29_5""}","{""ImportId"":""QID29_6""}","{""ImportId"":""QID32""}","{""ImportId"":""QID33""}","{""ImportId"":""QID34_1""}","{""ImportId"":""QID34_2""}","{""ImportId"":""QID34_3""}","{""ImportId"":""QID34_4""}","{""ImportId"":""QID34_5""}","{""ImportId"":""QID34_6""}","{""ImportId"":""QID34_7""}","{""ImportId"":""QID34_7_TEXT""}","{""ImportId"":""QID35_1""}","{""ImportId"":""QID35_2""}","{""ImportId"":""QID35_3""}","{""ImportId"":""QID35_4""}","{""ImportId"":""QID37_1""}","{""ImportId"":""QID37_2""}","{""ImportId"":""QID37_3""}","{""ImportId"":""QID37_4""}","{""ImportId"":""QID38_TEXT""}","{""ImportId"":""QID40""}","{""ImportId"":""QID40_8_TEXT""}","{""ImportId"":""QID41""}","{""ImportId"":""QID45_1""}","{""ImportId"":""QID45_2""}","{""ImportId"":""QID45_3""}","{""ImportId"":""QID45_4""}","{""ImportId"":""QID45_5""}","{""ImportId"":""QID45_6""}","{""ImportId"":""QID46_1""}","{""ImportId"":""QID46_2""}","{""ImportId"":""QID46_3""}","{""ImportId"":""QID46_4""}","{""ImportId"":""QID46_5""}","{""ImportId"":""QID46_6""}","{""ImportId"":""QID48_1""}","{""ImportId"":""QID48_2""}","{""ImportId"":""QID48_3""}","{""ImportId"":""QID48_4""}","{""ImportId"":""QID48_5""}","{""ImportId"":""QID48_6""}","{""ImportId"":""QID48_7""}","{""ImportId"":""QID49_1""}","{""ImportId"":""QID49_2""}","{""ImportId"":""QID49_3""}","{""ImportId"":""QID49_4""}","{""ImportId"":""QID49_5""}","{""ImportId"":""QID49_6""}","{""ImportId"":""QID50""}","{""ImportId"":""QID51""}","{""ImportId"":""QID53_1""}","{""ImportId"":""QID53_2""}","{""ImportId"":""QID53_3""}","{""ImportId"":""QID53_4""}","{""ImportId"":""QID54_TEXT""}","{""ImportId"":""QID55_TEXT""}"
10/4/2024 9:20,10/4/2024 9:29,IP Address,100,520,TRUE,10/4/2024 9:29,R_9G3I7VAKTqvGEEx,anonymous,,,I understand and consent to participate in this survey.,Combination,Other:,Non-profit organization,Germany,Research Software Engineer,,25 - 34,Less than 1 year,Male,Sometimes,Never,About half the time,About half the time,Not at all,Not at all,Secondary target,Primary target,20,25,25,0,10,0,10,10,0,0,,20,30,25,0,10,0,15,0,0,0,,Rarely,Rarely,Never,Rarely,Frequently,Yes,None,1-3 projects,1-3 projects,1-3 projects,Moderately supported,Very supported,Extremely supported,Very supported,Slightly supported,Moderately supported,Extremely supported,Yes,"Class / school,Online self-directed",,Yes,Yes,"Languages,Development techniques,Project Management","Languages,Development techniques,Project Management",,,,,No,,0,0,0,0,0,100,0,,"Yes, adequate level of support","Yes, adequate level of support","Yes, adequate level of support","Yes, adequate level of support","Yes, adequate level of support","Yes, adequate level of support","Yes, adequate level of support","Yes, adequate level of support",,Research Software Engineer,,Yes - in my current institution,Extremely important,Moderately important,Slightly important,Extremely important,Extremely important,Slightly important,Moderately important,Extremely important,Extremely important,Extremely important,Very important,Extremely important,Always,Never,Always,Always,Always,Never,Never,Sometimes,Sometimes,Sometimes,Sometimes,Always,Never,Yes,Extremely important,Average,Excellent,Average,Good,Few qualified applicants from underrepresented groups,
10/4/2024 9:22,10/4/2024 9:37,IP Address,100,916,TRUE,10/4/2024 9:37,R_9uU1Hf9Y18uL7MJ,anonymous,,,I understand and consent to participate in this survey.,Combination,Educational institution,,United States of America,Faculty,,35 - 44,11 - 15 years,Male,Sometimes,Most of the time,Sometimes,Sometimes,Not at all,Not at all,Secondary target,Primary target,3,10,50,0,10,20,5,2,0,0,,0,15,70,0,0,10,5,0,0,0,,Rarely,Frequently,Rarely,Never,Somewhat,Yes,1-3 projects,None,None,1-3 projects,Slightly supported,Not supported at all,Extremely supported,Very supported,Very supported,Moderately supported,Very supported,Yes,"Online self-directed,Other",colleagues,Don't know,No,"Languages,Development techniques","Languages,Development techniques",,,,,No,,0,0,0,0,0,100,0,,"Yes, but inadequate level of support",No,No,,"Yes, but inadequate level of support",No,No,,,"Postdoc,Faculty,Research Faculty",,No - I would have to move to another institution,Very important,Not at all important,Not at all important,Extremely important,Very important,Slightly important,Slightly important,Not at all important,Extremely important,Not at all important,Moderately important,Extremely important,Always,Sometimes,Always,Most of the time,Most of the time,Always,,Sometimes,Sometimes,Never,Sometimes,Never,,Yes,Slightly important,,,,,This is not important if your focus is on creating good software,no
10/4/2024 9:41,10/4/2024 11:07,IP Address,100,5175,TRUE,10/4/2024 11:07,R_2y2RoRMownGN8xM,anonymous,,,I understand and consent to participate in this survey.,Combination,Educational institution,,United States of America,Research Faculty,,35 - 44,11 - 15 years,Male,Sometimes,About half the time,Sometimes,Sometimes,Secondary target,Secondary target,Primary target,Not at all,0,5,10,5,0,5,0,5,0,70,Research,0,10,10,0,0,0,0,0,0,80,Research,Somewhat,Somewhat,Somewhat,Somewhat,Rarely,Yes,1-3 projects,1-3 projects,1-3 projects,1-3 projects,Slightly supported,Slightly supported,Slightly supported,Slightly supported,Slightly supported,Slightly supported,Slightly supported,No,,,No,No,"Languages,Development techniques,Project Management",,,,,,Yes,For maintaining / sustaining software,0,0,0,0,0,0,100,Simons Foundation,No,"Yes, but inadequate level of support",No,No,No,"Yes, but inadequate level of support",No,No,,Research Faculty,,No - I would have to move to another institution,Not at all important,Not at all important,Not at all important,Not at all important,Slightly important,Not at all important,Slightly important,Moderately important,Very important,Slightly important,Very important,Extremely important,Always,,,,Always,Never,Never,Sometimes,Never,Sometimes,Sometimes,Sometimes,Never,Yes,Slightly important,,,,,,
10/4/2024 11:06,10/4/2024 11:18,IP Address,100,719,TRUE,10/4/2024 11:18,R_3QDdpE1BOQY7u9a,anonymous,,,I understand and consent to participate in this survey.,Combination,Educational institution,,United States of America,Postdoc,,35 - 44,6 - 10 years,Male,Sometimes,Most of the time,Sometimes,Sometimes,Not at all,Secondary target,Primary target,Not at all,2,2,40,5,40,1,5,5,0,0,,0,5,75,10,0,0,5,5,0,0,,Somewhat,Somewhat,Frequently,Frequently,Never,Yes,1-3 projects,1-3 projects,4+ projects,1-3 projects,Slightly supported,Slightly supported,Very supported,Slightly supported,Moderately supported,Slightly supported,Moderately supported,No,,,Don't know,No,"Languages,Development techniques,Project Management","Languages,Development techniques","Languages,Development techniques","Languages,Development techniques","Development techniques,Project Management","Languages,Development techniques,Project Management",No,,0,0,0,0,0,50,50,Simons Foundation grant,"Yes, adequate level of support","Yes, adequate level of support","Yes, adequate level of support",,"Yes, adequate level of support","Yes, adequate level of support","Yes, adequate level of support",,,"Postdoc,Research Faculty",,Don’t know,Very important,Moderately important,Slightly important,Not at all important,Very important,Not at all important,Moderately important,Moderately important,Very important,Slightly important,Slightly important,Moderately important,About half the time,Always,Always,Always,Always,Sometimes,,Sometimes,Never,Sometimes,Sometimes,Sometimes,,Dependent on the position (programmer vs. faculty),Slightly important,Poor,Average,Good,Good,Very few mathematicians in underrepresented groups,
10/4/2024 12:49,10/4/2024 13:07,IP Address,100,1113,TRUE,10/4/2024 13:07,R_RVl9vgIMpWSPzKp,anonymous,,,I understand and consent to participate in this survey.,Combination,Educational institution,,United States of America,Postdoc,,25 - 34,6 - 10 years,Male,Most of the time,Sometimes,Never,Sometimes,Primary target,Not at all,Not at all,Primary target,0,10,65,5,10,5,5,0,0,0,,0,10,65,5,10,5,5,0,0,0,,Somewhat,Never,Never,Rarely,Never,Yes,4+ projects,None,1-3 projects,1-3 projects,Moderately supported,Moderately supported,Very supported,Moderately supported,Moderately supported,Moderately supported,Moderately supported,No,,,Yes,Yes,"Development techniques,Project Management","Languages,Development techniques","Development techniques,Project Management","Languages,Development techniques","Languages,Development techniques","Development techniques,Project Management",No,,0,0,0,0,0,100,0,,"Yes, adequate level of support","Yes, adequate level of support",No,No,"Yes, but inadequate level of support","Yes, adequate level of support",No,No,,"Postdoc,Research Software Engineer,Research Faculty",,No - I would have to move to another institution,Slightly important,Moderately important,Very important,Moderately important,Slightly important,Slightly important,Not at all important,Very important,Very important,Not at all important,Moderately important,Moderately important,About half the time,Sometimes,Most of the time,Most of the time,Most of the time,About half the time,Always,Never,Never,Sometimes,Sometimes,Most of the time,Always,No,Slightly important,Terrible,Terrible,Terrible,Terrible,,
10/8/2024 14:19,10/8/2024 17:59,IP Address,100,13226,TRUE,10/8/2024 17:59,R_21aIHuOR6gqnVGa,anonymous,,,I understand and consent to participate in this survey.,Researchers,Educational institution,,United States of America,Faculty,,35 - 44,11 - 15 years,Female,Never,Most of the time,Sometimes,Never,,,,,,,,,,,,,,,,,,,,,,,,,,,,,,,,,,,,,,,,,,,,No,,,Don't know,No,,"Development techniques,Project Management",Languages,"Languages,Development techniques,Project Management",,,No,,,,,,,,,,,,,,,,,,Lack of time and recognition of the work. It's better for me to keep cranking out research papers than code.,Research Faculty,,Don’t know,,,,,,,,,,,,,About half the time,Never,Never,Sometimes,Sometimes,About half the time,Never,,,,,,,No,Moderately important,Average,Average,Poor,Poor,,
10/4/2024 13:59,10/4/2024 14:01,IP Address,23,117,FALSE,10/11/2024 14:01,R_1BQS2vesjzFY1zh,anonymous,,,I understand and consent to participate in this survey.,Combination,Educational institution,,United States of America,Faculty,,35 - 44,11 - 15 years,Male,Sometimes,Most of the time,Never,Never,,,,,,,,,,,,,,,,,,,,,,,,,,,,,,,,,,,,,,,,,,,,,,,,,,,,,,,,,,,,,,,,,,,,,,,,,,,,,,,,,,,,,,,,,,,,,,,,,,,,,,,,,,,,,
10/5/2024 1:29,10/5/2024 1:31,IP Address,23,123,FALSE,10/12/2024 1:31,R_W0NqNWQaY5daHkJ,anonymous,,,I understand and consent to participate in this survey.,Combination,Educational institution,,France,Graduate Student,,19 - 24,Less than 1 year,Male,Sometimes,Sometimes,Sometimes,Sometimes,,,,,,,,,,,,,,,,,,,,,,,,,,,,,,,,,,,,,,,,,,,,,,,,,,,,,,,,,,,,,,,,,,,,,,,,,,,,,,,,,,,,,,,,,,,,,,,,,,,,,,,,,,,,,
,,,,,,,,,,,,,,,,,,,,,,,,,,,,,,,,,,,,,,,,,,,,,,,,,,,,,,,,,,,,,,,,,,,,,,,,,,,,,,,,,,,,,,,,,,,,,,,,,,,,,,,,,,,,,,,,,,,,,,,,,,,,,,,,,,,,,
,,,,,,,,,,,,,,,,,,,,,,,,,,,,,,,,,,,,,,,,,,,,,,,,,,,,,,,,,,,,,,,,,,,,,,,,,,,,,,,,,,,,,,,,,,,,,,,,,,,,,,,,,,,,,,,,,,,,,,,,,,,,,,,,,,,,,
10/16/2024 23:49,10/16/2024 23:56,IP Address,100,419,TRUE,10/16/2024 23:56,R_1ojTL8w7QTtMQ5s,anonymous,,,I understand and consent to participate in this survey.,Researchers,Educational institution,,Switzerland,Faculty,,35 - 44,16 - 20 years,Male,About half the time,Sometimes,Sometimes,Sometimes,,,,,,,,,,,,,,,,,,,,,,,,,,,,,,,,,,,,,,,,,,,,Yes,Online self-directed,,No,No,,Development techniques,Languages,Languages,"Development techniques,Project Management",,No,,,,,,,,,,,,,,,,,,Can't answer this well since I've just moved institutions,"Postdoc,Faculty",,Yes - in my current institution,,,,,,,,,,,,,Most of the time,Never,Most of the time,Most of the time,Most of the time,Never,Never,,,,,,,Dependent on the position (programmer vs. faculty),Slightly important,,,,,"N/A. I have no idea what race, age, gender, etc most of my collaborators are. Online cultures are inclusive by default.","I'm extremely glad they don't, the notion strikes me as positively Stalinesque."
10/18/2024 9:55,10/18/2024 10:37,IP Address,60,2493,FALSE,10/25/2024 10:37,R_3L0Sn9IF3SCpykL,anonymous,,,I understand and consent to participate in this survey.,Combination,Other:,STEM/Art Educator,United States of America,Other,STEM/Art Educator,65 - 74,6 - 10 years,Male,Most of the time,Sometimes,Never,Never,Primary target,Secondary target,Secondary target,Secondary target,10,10,45,5,10,5,5,5,5,0,,20,10,35,10,5,5,5,5,5,0,,Frequently,Never,Somewhat,Frequently,Never,Yes,,1-3 projects,None,None,Moderately supported,Moderately supported,Moderately supported,Moderately supported,Moderately supported,Moderately supported,Moderately supported,No,,,Yes,No,,"Languages,Development techniques,Project Management",,,"Languages,Development techniques,Project Management",,No,,,,,,,,,,,,,,,,,,,,,,,,,,,,,,,,,,,,,,,,,,,,,,,,,,,,,,
,,,,,,,,,,,,,,,,,,,,,,,,,,,,,,,,,,,,,,,,,,,,,,,,,,,,,,,,,,,,,,,,,,,,,,,,,,,,,,,,,,,,,,,,,,,,,,,,,,,,,,,,,,,,,,,,,,,,,,,,,,,,,,,,,,,,,
11/13/2024 1:49,11/13/2024 1:57,IP Address,100,535,TRUE,11/13/2024 1:57,R_3ErTb4ZjgwzkkBb,anonymous,,,I understand and consent to participate in this survey.,Researchers,Educational institution,,Colombia,Faculty,,55 - 64,20 or more years,Male,Sometimes,Most of the time,Never,Never,,,,,,,,,,,,,,,,,,,,,,,,,,,,,,,,,,,,,,,,,,,,No,,,Yes,Yes,"Languages,Development techniques,Project Management",,,,,,No,,,,,,,,,,,,,,,,,,,Postdoc,,Don’t know,,,,,,,,,,,,,Always,,Always,,Always,,,,,,,,,Dependent on the position (programmer vs. faculty),Moderately important,,,,,,
11/13/2024 5:18,11/13/2024 5:28,IP Address,100,609,TRUE,11/13/2024 5:28,R_1F2H87Dw6TAqqZP,anonymous,,,I understand and consent to participate in this survey.,Combination,Educational institution,,Austria,Faculty,,45 - 54,20 or more years,Male,Sometimes,Most of the time,Sometimes,Sometimes,Secondary target,Secondary target,Primary target,Secondary target,10,10,10,30,10,10,10,10,0,0,,10,10,10,30,10,10,10,10,0,0,,Frequently,Somewhat,Rarely,Rarely,Rarely,Yes,1-3 projects,1-3 projects,1-3 projects,1-3 projects,Slightly supported,Slightly supported,Very supported,Moderately supported,Moderately supported,Slightly supported,Slightly supported,Yes,"Class / school,Online self-directed",,Yes,Yes,,,,,,"Languages,Development techniques,Project Management",No,,0,0,0,0,0,90,10,Google Summer of Code,No,"Yes, adequate level of support",No,No,No,"Yes, adequate level of support",No,No,,,,No - I would have to move to another institution,Very important,Very important,Very important,Very important,Very important,Very important,Very important,Not at all important,Extremely important,Not at all important,Very important,Extremely important,Always,Always,Always,Always,Always,Always,Never,,,,,,,Yes,Slightly important,,,,,,
11/13/2024 7:31,11/13/2024 7:42,IP Address,100,661,TRUE,11/13/2024 7:42,R_Z3FKhYJlCnQgKRz,anonymous,,,I understand and consent to participate in this survey.,Combination,Other:,retired university professor,United Kingdom of Great Britain and Northern Ireland,Other,emeritus professor,65 - 74,20 or more years,Male,Most of the time,About half the time,Sometimes,Sometimes,Primary target,Secondary target,Primary target,Secondary target,2,2,74,10,10,1,1,0,0,0,,2,5,80,10,0,1,2,0,0,0,,Frequently,Somewhat,Rarely,Frequently,Rarely,Yes,1-3 projects,None,1-3 projects,1-3 projects,Moderately supported,Moderately supported,Very supported,Very supported,Very supported,Very supported,Moderately supported,No,,,No,Yes,,Development techniques,Development techniques,,,"Languages,Project Management",Yes,For developing new software,0,0,0,0,0,0,100,"EU, Simons Foundation ",No,No,No,No,No,No,"Yes, adequate level of support",No,,"Research Software Engineer,Research Faculty",,Yes - in my current institution,Very important,,Slightly important,Moderately important,Very important,Not at all important,Not at all important,Not at all important,Extremely important,Not at all important,Slightly important,Moderately important,Always,Always,Always,Always,Always,Always,Sometimes,Sometimes,Never,Most of the time,Most of the time,Never,Never,Dependent on the position (programmer vs. faculty),Not at all important,Average,Average,Average,Good,,
11/15/2024 9:15,11/15/2024 9:29,IP Address,100,837,TRUE,11/15/2024 9:29,R_2xDFDmce7PYUIc6,anonymous,,,I understand and consent to participate in this survey.,Combination,Educational institution,,United States of America,Faculty,,25 - 34,1 - 5 years,Male,Sometimes,Sometimes,Most of the time,Never,Secondary target,Secondary target,Primary target,Secondary target,20,10,22,10,10,14,2,2,10,0,,20,10,22,10,10,2,14,2,10,0,,Rarely,Frequently,Frequently,Rarely,Frequently,Yes,1-3 projects,None,1-3 projects,1-3 projects,Moderately supported,Very supported,Extremely supported,Very supported,Moderately supported,Moderately supported,Very supported,Yes,"Class / school,Online self-directed",,Yes,Yes,Project Management,"Languages,Development techniques,Project Management",,,"Languages,Development techniques",,Yes,For developing new software,100,0,0,0,0,0,0,,No,"Yes, but inadequate level of support",No,,No,"Yes, but inadequate level of support",No,,,,,Don’t know,,,,,,,,,,,,,Most of the time,Never,Most of the time,Most of the time,Most of the time,Most of the time,,Sometimes,Never,Sometimes,About half the time,Never,,,Slightly important,Poor,Good,Average,Average,,
11/15/2024 9:15,11/15/2024 9:30,IP Address,100,909,TRUE,11/15/2024 9:30,R_2D5E5Tm6iftXwSk,anonymous,,,I understand and consent to participate in this survey.,Developers,Industry,,United States of America,Other,VP of Engineering,35 - 44,1 - 5 years,Male,About half the time,Sometimes,Sometimes,Sometimes,Primary target,Secondary target,Secondary target,Primary target,5,10,20,33,10,15,5,2,0,0,,5,15,20,30,0,15,10,2,3,0,,Frequently,Frequently,Somewhat,Rarely,Rarely,Yes,4+ projects,4+ projects,4+ projects,4+ projects,Very supported,Moderately supported,Extremely supported,Very supported,Very supported,Moderately supported,Moderately supported,No,,,Yes,No,"Languages,Development techniques","Languages,Development techniques",Development techniques,"Languages,Development techniques","Development techniques,Project Management",,Yes,For maintaining / sustaining software,0,0,0,0,0,0,100,Direct donations,No,No,No,No,No,No,No,No,,"Postdoc,Research Software Engineer,Research Programmer,Software Developer,Programmer,Faculty,Research Faculty",,No - I would have to move to another institution,Moderately important,Moderately important,Very important,Moderately important,Very important,Moderately important,Moderately important,Extremely important,Slightly important,Slightly important,Very important,Very important,Never,Sometimes,Most of the time,Always,Always,Most of the time,About half the time,Never,Sometimes,Sometimes,About half the time,About half the time,Never,No,Moderately important,Average,Average,Good,Excellent,,
11/15/2024 10:35,11/15/2024 10:42,IP Address,100,425,TRUE,11/15/2024 10:42,R_cOx4dxMMFDLzY1H,anonymous,,,I understand and consent to participate in this survey.,Researchers,Educational institution,,United States of America,Faculty,,35 - 44,6 - 10 years,Male,Sometimes,Most of the time,Sometimes,Never,,,,,,,,,,,,,,,,,,,,,,,,,,,,,,,,,,,,,,,,,,,,No,,,Yes,No,Languages,Development techniques,Languages,"Languages,Development techniques",Project Management,,No,,,,,,,,,,,,,,,,,,"I have not yet gotten to know my institution well enough to discover who the experts are, and who is willing to support my needs in mathematical research.","Postdoc,Other",Graduate Student,Don’t know,,,,,,,,,,,,,Never,Never,Sometimes,Never,Never,Sometimes,,,,,,,,Dependent on the position (programmer vs. faculty),Slightly important,Average,Average,,Average,"When bringing new people on, there is quite a bit of work needed to get people up to speed.  So, one's background an expertise play a big role in the ease of onboarding.",No
11/17/2024 15:45,11/17/2024 15:51,IP Address,100,363,TRUE,11/17/2024 15:51,R_3MysSe43CjhQaao,anonymous,,,I understand and consent to participate in this survey.,Researchers,Educational institution,,South Korea,Postdoc,,25 - 34,11 - 15 years,Male,Most of the time,Sometimes,Never,Never,,,,,,,,,,,,,,,,,,,,,,,,,,,,,,,,,,,,,,,,,,,,No,,,Don't know,Yes,,"Languages,Development techniques",,"Languages,Development techniques",,,No,,,,,,,,,,,,,,,,,,Lack of computing power,Other,None,No - I would have to move to another institution,,,,,,,,,,,,,Sometimes,Never,Most of the time,Never,Never,Always,Never,,,,,,,No,Moderately important,Poor,,Poor,Average,Inclusion is not discussed that much in my country,
11/17/2024 17:29,11/17/2024 17:39,IP Address,100,614,TRUE,11/17/2024 17:39,R_1riCnr3XXPUpYtd,anonymous,,,I understand and consent to participate in this survey.,Combination,Industry,,Australia,Research Software Engineer,,45 - 54,20 or more years,Female,Never,Never,About half the time,About half the time,Not at all,Not at all,Not at all,Primary target,0,10,45,5,10,25,0,5,0,0,,5,10,50,5,5,0,20,5,0,0,,Somewhat,Somewhat,Frequently,Rarely,Frequently,Yes,1-3 projects,1-3 projects,4+ projects,4+ projects,,,,,,,,No,,,Yes,Yes,,,,,,"Languages,Development techniques,Project Management",Yes,For developing new software,0,0,0,0,0,0,100,Australian Research Council,"Yes, adequate level of support","Yes, adequate level of support","Yes, adequate level of support","Yes, adequate level of support","Yes, adequate level of support","Yes, adequate level of support","Yes, adequate level of support","Yes, adequate level of support",,"Research Software Engineer,Research Programmer,Software Developer",,Yes - in my current institution,Moderately important,Moderately important,Moderately important,Extremely important,Very important,Very important,Not at all important,Extremely important,Very important,Slightly important,Very important,Very important,Most of the time,Sometimes,Always,Most of the time,Most of the time,Sometimes,,Never,Never,Most of the time,About half the time,About half the time,,Yes,Very important,Poor,Poor,Poor,Average,Finding qualified applicants.,
11/17/2024 20:03,11/17/2024 20:15,IP Address,100,756,TRUE,11/17/2024 20:15,R_b2wK02DZzQNe94l,anonymous,,,I understand and consent to participate in this survey.,Combination,Educational institution,,United States of America,Faculty,,35 - 44,16 - 20 years,Male,Most of the time,Sometimes,Most of the time,Sometimes,Not at all,Not at all,Primary target,Primary target,0,10,30,10,20,10,10,10,0,0,,0,10,30,10,20,10,10,10,0,0,,Frequently,Frequently,Frequently,Rarely,Frequently,Yes,1-3 projects,None,None,1-3 projects,Very supported,Very supported,Very supported,Very supported,Very supported,Very supported,Very supported,Yes,"Class / school,Online self-directed",,Yes,Yes,,"Languages,Development techniques,Project Management",,,,"Languages,Development techniques,Project Management",No,,100,0,0,0,0,0,0,,"Yes, adequate level of support",No,No,No,"Yes, adequate level of support",No,No,No,,,,No - I would have to move to another institution,Very important,Very important,Very important,Moderately important,Very important,Not at all important,Slightly important,Slightly important,Very important,Slightly important,Moderately important,Very important,About half the time,About half the time,Always,Most of the time,Always,About half the time,,Most of the time,Never,Never,Never,Always,,Yes,Moderately important,Poor,Poor,Poor,Average,,
11/18/2024 0:06,11/18/2024 0:09,IP Address,100,215,TRUE,11/18/2024 0:09,R_2wHO7Vay3EEAepb,anonymous,,,I understand and consent to participate in this survey.,Researchers,Educational institution,,Italy,Faculty,,35 - 44,11 - 15 years,Female,Sometimes,Most of the time,Never,Never,,,,,,,,,,,,,,,,,,,,,,,,,,,,,,,,,,,,,,,,,,,,No,,,No,No,Project Management,"Languages,Development techniques",,"Languages,Development techniques,Project Management","Languages,Development techniques,Project Management",,No,,,,,,,,,,,,,,,,,,,"Postdoc,Research Software Engineer",,Yes - in my current institution,,,,,,,,,,,,,Always,Never,Always,Always,Always,Always,Never,,,,,,,No,Moderately important,Poor,Poor,Poor,Poor,,
11/18/2024 4:21,11/18/2024 4:39,IP Address,100,1099,TRUE,11/18/2024 4:39,R_2pR9QtL7XrDnTCZ,anonymous,,,I understand and consent to participate in this survey.,Combination,Educational institution,,Austria,Graduate Student,,25 - 34,1 - 5 years,Male,Most of the time,Sometimes,Sometimes,Sometimes,Primary target,Secondary target,Primary target,Not at all,5,5,20,0,10,50,10,0,0,0,,0,5,50,5,0,30,5,5,0,0,,Never,Never,Never,Never,Never,Yes,4+ projects,1-3 projects,None,4+ projects,Slightly supported,Slightly supported,Extremely supported,Slightly supported,Extremely supported,Very supported,Moderately supported,Yes,Class / school,,Yes,Yes,"Languages,Development techniques","Development techniques,Project Management",,,,,No,,0,0,0,0,0,100,0,,"Yes, adequate level of support","Yes, but inadequate level of support",No,"Yes, adequate level of support","Yes, adequate level of support","Yes, but inadequate level of support",No,"Yes, adequate level of support",,"Postdoc,Research Software Engineer,Software Developer,Programmer",,No - I would have to move to another institution,,,,,,,,,,,,,,,,Most of the time,Sometimes,Most of the time,,Most of the time,,Sometimes,,,,Yes,,,,,,,
11/18/2024 10:08,11/18/2024 10:17,IP Address,100,540,TRUE,11/18/2024 10:17,R_1mqLnoxM3YIxKoH,anonymous,,,I understand and consent to participate in this survey.,Developers,Other:,Nonprofit,United States of America,Research Software Engineer,,25 - 34,1 - 5 years,Male,Sometimes,About half the time,About half the time,Never,Not at all,Not at all,Secondary target,Primary target,5,10,60,15,5,0,0,5,0,0,,0,15,70,10,0,0,5,0,0,0,,Frequently,Frequently,Rarely,Somewhat,Never,Yes,4+ projects,1-3 projects,None,4+ projects,Moderately supported,Moderately supported,Extremely supported,Very supported,Very supported,Moderately supported,Extremely supported,No,,,No,Yes,"Development techniques,Project Management","Languages,Development techniques,Project Management",,,Languages,,No,,0,0,0,0,0,100,0,,"Yes, adequate level of support","Yes, adequate level of support","Yes, adequate level of support","Yes, adequate level of support","Yes, adequate level of support","Yes, adequate level of support","Yes, but inadequate level of support","Yes, adequate level of support",,"Postdoc,Research Software Engineer,Software Developer",,Yes - in my current institution,Very important,Very important,Extremely important,Slightly important,Extremely important,Slightly important,Not at all important,Slightly important,Slightly important,Extremely important,Very important,Extremely important,About half the time,About half the time,Most of the time,Most of the time,About half the time,Sometimes,Sometimes,Sometimes,About half the time,Sometimes,About half the time,Never,Sometimes,Yes,Extremely important,Poor,Average,Average,Average,"I think one individual can often be extremely harmful to said culture, so it is easy to have a ""one bad apple"" problem",
11/18/2024 10:59,11/18/2024 11:10,IP Address,100,625,TRUE,11/18/2024 11:10,R_2Pd1geNq1phmaIx,anonymous,,,I understand and consent to participate in this survey.,Researchers,Educational institution,,Italy,Postdoc,,35 - 44,1 - 5 years,Male,Sometimes,Most of the time,Never,Never,,,,,,,,,,,,,,,,,,,,,,,,,,,,,,,,,,,,,,,,,,,,Yes,Class / school,,Yes,Yes,"Languages,Development techniques","Development techniques,Project Management","Languages,Development techniques","Languages,Development techniques","Development techniques,Project Management","Development techniques,Project Management",No,,,,,,,,,,,,,,,,,,No grants,Postdoc,,No - I would have to move to another institution,,,,,,,,,,,,,Most of the time,Sometimes,Always,About half the time,Always,Most of the time,About half the time,,,,,,,No,Very important,Poor,Poor,Poor,Poor,,
11/18/2024 12:12,11/18/2024 12:22,IP Address,100,603,TRUE,11/18/2024 12:22,R_2dEDtNp6uJ0iAZu,anonymous,,,I understand and consent to participate in this survey.,Researchers,Educational institution,,United States of America,Faculty,,35 - 44,11 - 15 years,Male,Most of the time,Sometimes,Never,Never,,,,,,,,,,,,,,,,,,,,,,,,,,,,,,,,,,,,,,,,,,,,Yes,Class / school,,No,No,Project Management,Project Management,"Languages,Development techniques",Development techniques,"Languages,Development techniques",,No,,,,,,,,,,,,,,,,,,"IT does not support Linux, and a lot of mathematical research software is more easily available on Linux. My IT in particular has also failed to install version of the software that could run on Windows. :-(",,,Don’t know,,,,,,,,,,,,,Always,Sometimes,Always,Sometimes,Always,Always,,,,,,,,Dependent on the position (programmer vs. faculty),Very important,Average,Average,Poor,Average,the challenges mainly boil down to a few opinionated individuals,
11/18/2024 12:41,11/18/2024 15:41,IP Address,100,10795,TRUE,11/18/2024 15:41,R_3DvkZpqDIclodIC,anonymous,,,I understand and consent to participate in this survey.,Combination,Educational institution,,United States of America,Postdoc,,25 - 34,6 - 10 years,Male,Never,About half the time,About half the time,Never,Primary target,Primary target,Primary target,Not at all,1,10,30,10,40,3,2,3,1,0,,5,20,30,15,20,3,5,1,1,0,,Frequently,Frequently,Somewhat,Frequently,Never,Yes,1-3 projects,1-3 projects,1-3 projects,None,Not supported at all,Slightly supported,Extremely supported,Very supported,Moderately supported,Slightly supported,Moderately supported,No,,,Yes,Yes,"Development techniques,Project Management","Development techniques,Project Management","Development techniques,Project Management","Development techniques,Project Management","Development techniques,Project Management","Development techniques,Project Management",No,,0,0,0,0,0,100,0,,"Yes, adequate level of support","Yes, adequate level of support","Yes, adequate level of support","Yes, adequate level of support","Yes, adequate level of support","Yes, adequate level of support","Yes, adequate level of support","Yes, adequate level of support",,"Postdoc,Research Software Engineer,Software Developer,Research Faculty",,Yes - in my current institution,Very important,Slightly important,Extremely important,Slightly important,Moderately important,Slightly important,Not at all important,Very important,Extremely important,Very important,Extremely important,Extremely important,Always,Most of the time,Always,Most of the time,Most of the time,Always,,Always,Always,Sometimes,Always,Never,,Dependent on the position (programmer vs. faculty),Slightly important,Average,Average,Average,Average,racial bias for interest in programming,
11/12/2024 14:01,11/12/2024 14:09,IP Address,71,464,FALSE,11/19/2024 14:09,R_1NwDTuI48pMto1K,anonymous,,,I understand and consent to participate in this survey.,Combination,Educational institution,,United States of America,Other,Senior Research Scientist,35 - 44,11 - 15 years,Male,Sometimes,Most of the time,Sometimes,Sometimes,Not at all,Not at all,Primary target,Secondary target,10,5,35,10,20,5,10,5,0,0,,15,0,65,0,0,0,20,0,0,0,,Frequently,Frequently,Frequently,Somewhat,Never,Yes,4+ projects,4+ projects,4+ projects,4+ projects,Extremely supported,Moderately supported,Extremely supported,Extremely supported,Moderately supported,Slightly supported,Extremely supported,Yes,"Class / school,Online self-directed",,Yes,Yes,,"Languages,Development techniques,Project Management",,,,"Languages,Development techniques,Project Management",Yes,For developing new software,0,0,0,0,0,50,50,Simons,"Yes, but inadequate level of support","Yes, but inadequate level of support",No,No,No,No,No,No,,,,,,,,,,,,,,,,,,,,,,,,,,,,,,,,,,,,,
11/13/2024 0:17,11/13/2024 0:19,IP Address,25,103,FALSE,11/20/2024 0:19,R_3JJVo3AvkUoPW5S,anonymous,,,I understand and consent to participate in this survey.,Combination,National lab,,France,Faculty,,35 - 44,16 - 20 years,Male,Most of the time,Sometimes,Sometimes,Sometimes,,,,,,,,,,,,,,,,,,,,,,,,,,,,,,,,,,,,,,,,,,,,,,,,,,,,,,,,,,,,,,,,,,,,,,,,,,,,,,,,,,,,,,,,,,,,,,,,,,,,,,,,,,,,,
11/20/2024 2:02,11/20/2024 2:06,IP Address,100,246,TRUE,11/20/2024 2:06,R_1HkpBO3AdL6wGn4,anonymous,,,I understand and consent to participate in this survey.,Researchers,Educational institution,,United States of America,Faculty,,25 - 34,6 - 10 years,Male,About half the time,About half the time,Sometimes,Never,,,,,,,,,,,,,,,,,,,,,,,,,,,,,,,,,,,,,,,,,,,,No,,,Don't know,No,"Languages,Development techniques,Project Management",,Development techniques,"Languages,Development techniques",,,No,,,,,,,,,,,,,,,,,,lack of money,,,No - I would have to move to another institution,,,,,,,,,,,,,Always,Sometimes,Always,Always,Always,Always,,,,,,,,Dependent on the position (programmer vs. faculty),Moderately important,Average,Average,Average,Good,,
11/20/2024 10:56,11/20/2024 11:03,IP Address,100,432,TRUE,11/20/2024 11:03,R_2flWBwEQo1qnttL,anonymous,,,I understand and consent to participate in this survey.,Researchers,Other:,flatiron,United States of America,Postdoc,,25 - 34,6 - 10 years,Female,Sometimes,Most of the time,Sometimes,Never,,,,,,,,,,,,,,,,,,,,,,,,,,,,,,,,,,,,,,,,,,,,Yes,Class / school,,Yes,No,"Languages,Development techniques","Languages,Development techniques",,"Languages,Development techniques",,,No,,,,,,,,,,,,,,,,,,idk,"Research Software Engineer,Software Developer",,Yes - in my current institution,,,,,,,,,,,,,About half the time,Never,About half the time,About half the time,About half the time,About half the time,Never,,,,,,,No,Moderately important,Average,Average,Poor,Average,,
11/20/2024 12:38,11/20/2024 12:53,IP Address,100,947,TRUE,11/20/2024 12:53,R_UYgd3YPbKsdJTEt,anonymous,,,I understand and consent to participate in this survey.,Combination,Educational institution,,United States of America,Faculty,,75 - 84,20 or more years,Male,Most of the time,Sometimes,Never,Never,Primary target,Secondary target,Secondary target,Not at all,0,0,25,25,25,0,25,0,0,0,,0,0,75,25,0,0,0,0,0,0,,Never,Never,Frequently,Frequently,Never,Yes,1-3 projects,None,None,1-3 projects,Not supported at all,Very supported,Moderately supported,Not supported at all,Slightly supported,Slightly supported,Moderately supported,Yes,Other,Macaulay2 conferences,No,No,Languages,Languages,,Languages,,,No,,0,0,0,0,0,50,50,Simons,No,"Yes, but inadequate level of support",No,No,No,"Yes, but inadequate level of support",No,No,collaboration,,,No - I would have to move to another institution,Very important,,,,Very important,,Not at all important,Slightly important,Extremely important,Slightly important,Slightly important,Extremely important,Always,Never,Always,Always,Always,Always,,Never,Never,About half the time,Never,Never,,Yes,Moderately important,,,,,,
11/14/2024 2:09,11/14/2024 2:10,IP Address,25,85,FALSE,11/21/2024 2:10,R_1r7alJzHOUufy1P,anonymous,,,I understand and consent to participate in this survey.,Combination,Educational institution,,Germany,Postdoc,,35 - 44,16 - 20 years,Male,Sometimes,Sometimes,Sometimes,Most of the time,,,,,,,,,,,,,,,,,,,,,,,,,,,,,,,,,,,,,,,,,,,,,,,,,,,,,,,,,,,,,,,,,,,,,,,,,,,,,,,,,,,,,,,,,,,,,,,,,,,,,,,,,,,,,
,,,,,,,,,,,,,,,,,,,,,,,,,,,,,,,,,,,,,,,,,,,,,,,,,,,,,,,,,,,,,,,,,,,,,,,,,,,,,,,,,,,,,,,,,,,,,,,,,,,,,,,,,,,,,,,,,,,,,,,,,,,,,,,,,,,,,
11/15/2024 9:21,11/15/2024 9:24,IP Address,25,173,FALSE,11/22/2024 9:24,R_1nYEmrHYt9muqCZ,anonymous,,,I understand and consent to participate in this survey.,Combination,Educational institution,,Israel,Graduate Student,,19 - 24,1 - 5 years,Male,Most of the time,Sometimes,Never,Sometimes,,,,,,,,,,,,,,,,,,,,,,,,,,,,,,,,,,,,,,,,,,,,,,,,,,,,,,,,,,,,,,,,,,,,,,,,,,,,,,,,,,,,,,,,,,,,,,,,,,,,,,,,,,,,,
11/15/2024 11:19,11/15/2024 11:23,IP Address,25,188,FALSE,11/22/2024 11:23,R_3J96k9OSKy2CUyS,anonymous,,,I understand and consent to participate in this survey.,Combination,Educational institution,,Germany,Graduate Student,,25 - 34,1 - 5 years,Prefer not to say,Always,Sometimes,Never,Never,,,,,,,,,,,,,,,,,,,,,,,,,,,,,,,,,,,,,,,,,,,,,,,,,,,,,,,,,,,,,,,,,,,,,,,,,,,,,,,,,,,,,,,,,,,,,,,,,,,,,,,,,,,,,
11/15/2024 11:29,11/15/2024 11:33,IP Address,25,249,FALSE,11/22/2024 11:34,R_3GxoNVHRg2ra4fE,anonymous,,,I understand and consent to participate in this survey.,Combination,Educational institution,,United States of America,Faculty,,35 - 44,11 - 15 years,Male,About half the time,About half the time,Never,Never,,,,,,,,,,,,,,,,,,,,,,,,,,,,,,,,,,,,,,,,,,,,,,,,,,,,,,,,,,,,,,,,,,,,,,,,,,,,,,,,,,,,,,,,,,,,,,,,,,,,,,,,,,,,,
11/22/2024 12:36,11/22/2024 12:41,IP Address,100,325,TRUE,11/22/2024 12:41,R_2SGecu6uwurEK0X,anonymous,,,I understand and consent to participate in this survey.,Researchers,Educational institution,,Germany,Postdoc,,25 - 34,Less than 1 year,Male,About half the time,About half the time,Never,Never,,,,,,,,,,,,,,,,,,,,,,,,,,,,,,,,,,,,,,,,,,,,No,,,Don't know,Yes,,"Languages,Development techniques",,"Languages,Development techniques,Project Management",Project Management,,No,,,,,,,,,,,,,,,,,,"Lack of recognition as important for research, lack of funding for proprietary software","Postdoc,Research Faculty",,No - I would have to move to another institution,,,,,,,,,,,,,Most of the time,Sometimes,Always,Always,Most of the time,About half the time,Never,,,,,,,Dependent on the position (programmer vs. faculty),Slightly important,,,,,N/A,N/A
11/24/2024 8:46,11/24/2024 8:53,IP Address,100,424,TRUE,11/24/2024 8:53,R_1K3FeVbPWDRv7cm,anonymous,,,I understand and consent to participate in this survey.,Researchers,Educational institution,,United States of America,Graduate Student,,25 - 34,1 - 5 years,Female,Sometimes,Most of the time,Never,Never,,,,,,,,,,,,,,,,,,,,,,,,,,,,,,,,,,,,,,,,,,,,No,,,Don't know,No,"Development techniques,Project Management","Languages,Development techniques","Languages,Development techniques","Languages,Development techniques","Languages,Development techniques",,No,,,,,,,,,,,,,,,,,,Work done on developing software to help with pure math research is not appreciated enough in the pure math community.,"Research Software Engineer,Research Programmer,Software Developer,Programmer",,No - I would have to move to another institution,,,,,,,,,,,,,Always,Never,Always,Most of the time,Most of the time,Always,,,,,,,,Dependent on the position (programmer vs. faculty),Very important,,,,,,
11/17/2024 18:32,11/17/2024 18:33,IP Address,25,110,FALSE,11/24/2024 18:33,R_1jJjSW8xrPawv5L,anonymous,,,I understand and consent to participate in this survey.,Combination,Educational institution,,Canada,Graduate Student,,19 - 24,1 - 5 years,Male,Sometimes,Most of the time,Never,Never,,,,,,,,,,,,,,,,,,,,,,,,,,,,,,,,,,,,,,,,,,,,,,,,,,,,,,,,,,,,,,,,,,,,,,,,,,,,,,,,,,,,,,,,,,,,,,,,,,,,,,,,,,,,,
11/25/2024 2:09,11/25/2024 2:13,IP Address,100,228,TRUE,11/25/2024 2:13,R_bfwdAOyRStj6AaR,anonymous,,,I understand and consent to participate in this survey.,Researchers,Educational institution,,United States of America,Graduate Student,,25 - 34,1 - 5 years,Male,Never,Most of the time,Sometimes,Never,,,,,,,,,,,,,,,,,,,,,,,,,,,,,,,,,,,,,,,,,,,,No,,,Yes,No,"Languages,Development techniques","Languages,Development techniques","Languages,Development techniques","Languages,Development techniques","Languages,Development techniques",,No,,,,,,,,,,,,,,,,,,,"Postdoc,Research Software Engineer,Research Programmer,Software Developer,Programmer,Research Faculty",,Don’t know,,,,,,,,,,,,,Always,Sometimes,Always,Most of the time,Most of the time,Never,Never,,,,,,,Dependent on the position (programmer vs. faculty),Slightly important,Average,Good,Average,Average,,
11/18/2024 4:36,11/18/2024 6:18,IP Address,25,6173,FALSE,11/25/2024 6:19,R_3Eo3O1zE4V6ZKxp,anonymous,,,I understand and consent to participate in this survey.,Combination,Industry,,United States of America,Research Engineer,,35 - 44,6 - 10 years,Male,Sometimes,About half the time,Most of the time,Sometimes,,,,,,,,,,,,,,,,,,,,,,,,,,,,,,,,,,,,,,,,,,,,,,,,,,,,,,,,,,,,,,,,,,,,,,,,,,,,,,,,,,,,,,,,,,,,,,,,,,,,,,,,,,,,,
11/21/2024 12:36,11/21/2024 12:43,IP Address,60,421,FALSE,11/28/2024 12:43,R_1hRy5OGRg6Nsukg,anonymous,,,I understand and consent to participate in this survey.,Developers,Industry,,United States of America,Other,Software Developer,25 - 34,Less than 1 year,Male,Sometimes,About half the time,Never,Never,Not at all,Not at all,Not at all,Primary target,10,20,30,15,10,5,10,0,0,0,,10,30,30,0,0,0,30,0,0,0,,Rarely,Somewhat,Frequently,Somewhat,Frequently,Yes,1-3 projects,4+ projects,4+ projects,4+ projects,Moderately supported,Moderately supported,Very supported,Moderately supported,Moderately supported,Moderately supported,Very supported,Yes,Class / school,,Yes,Yes,"Languages,Development techniques","Languages,Development techniques","Languages,Development techniques","Languages,Development techniques","Languages,Development techniques","Languages,Development techniques",No,,,,,,,,,,,,,,,,,,,,,,,,,,,,,,,,,,,,,,,,,,,,,,,,,,,,,,
1/9/2025 6:17,1/9/2025 6:27,IP Address,100,593,TRUE,1/9/2025 6:27,R_bEiKDHfQViN2Qw1,anonymous,,,I understand and consent to participate in this survey.,Combination,Educational institution,,United States of America,Research Faculty,,35 - 44,11 - 15 years,Male,About half the time,About half the time,Sometimes,Never,Secondary target,Not at all,Primary target,Not at all,10,10,20,10,30,0,5,15,0,0,,25,0,25,0,0,0,40,10,0,0,,Frequently,Frequently,Never,Frequently,Never,Yes,4+ projects,1-3 projects,1-3 projects,4+ projects,Moderately supported,Not supported at all,Extremely supported,Extremely supported,Moderately supported,Slightly supported,Moderately supported,Yes,"Class / school,Online self-directed",,Yes,Yes,,"Languages,Development techniques,Project Management",,,,"Languages,Development techniques,Project Management",Yes,"For developing new software,For maintaining / sustaining software",20,0,0,0,0,0,80,Simons Foundation,"Yes, but inadequate level of support","Yes, but inadequate level of support",No,No,No,"Yes, but inadequate level of support",No,No,,Postdoc,,No - I would have to move to another institution,Moderately important,Slightly important,Slightly important,Not at all important,Extremely important,Very important,Slightly important,Very important,Very important,Slightly important,Extremely important,Very important,Always,Sometimes,Always,Sometimes,Sometimes,Sometimes,Never,Most of the time,About half the time,About half the time,About half the time,Never,Never,No,Not at all important,Good,Good,Excellent,Excellent,,
1/10/2025 16:05,1/10/2025 16:16,IP Address,100,691,TRUE,1/10/2025 16:16,R_3Doq2pa1qlJWwBY,anonymous,,,I understand and consent to participate in this survey.,Combination,Educational institution,,United States of America,Faculty,,45 - 54,16 - 20 years,Male,About half the time,About half the time,Never,Sometimes,Primary target,Secondary target,Secondary target,Not at all,10,10,35,10,15,5,10,2,3,0,,5,15,65,5,0,2,6,0,2,0,,Somewhat,Rarely,Somewhat,Frequently,Rarely,Yes,4+ projects,1-3 projects,1-3 projects,1-3 projects,Slightly supported,Very supported,Extremely supported,Moderately supported,Moderately supported,Slightly supported,Very supported,No,,,No,No,"Development techniques,Project Management","Languages,Development techniques","Languages,Development techniques","Languages,Development techniques",Project Management,,Yes,"For developing new software,For maintaining / sustaining software",80,0,0,0,0,20,0,,"Yes, but inadequate level of support","Yes, but inadequate level of support",No,"Yes, but inadequate level of support","Yes, but inadequate level of support","Yes, but inadequate level of support",No,"Yes, but inadequate level of support",financial,,,No - I would have to move to another institution,Moderately important,Moderately important,Moderately important,Extremely important,Extremely important,Not at all important,Slightly important,Not at all important,Extremely important,Not at all important,Slightly important,Very important,Most of the time,Sometimes,Always,Always,Sometimes,Most of the time,,Sometimes,Never,Sometimes,Sometimes,Never,,Yes,Slightly important,Average,Good,Good,Excellent,recruitment,no
1/10/2025 16:02,1/10/2025 16:16,IP Address,100,870,TRUE,1/10/2025 16:16,R_1H2hi6mzbi5LIVU,anonymous,,,I understand and consent to participate in this survey.,Combination,Educational institution,,United States of America,Postdoc,,35 - 44,6 - 10 years,Male,About half the time,About half the time,Sometimes,Sometimes,Primary target,Secondary target,Secondary target,Not at all,4,10,15,25,25,15,5,1,0,0,,4,30,35,10,10,5,5,1,0,0,,Somewhat,Frequently,Frequently,Frequently,Rarely,No,4+ projects,4+ projects,1-3 projects,1-3 projects,Moderately supported,Slightly supported,Extremely supported,Slightly supported,Extremely supported,Extremely supported,Very supported,Yes,Class / school,,Yes,Yes,Project Management,Languages,Development techniques,,,,No,,0,0,0,0,0,0,100,Simons foundation,No,No,No,No,No,No,No,No,,"Research Software Engineer,Research Programmer",,No - I would have to move to another institution,Slightly important,Slightly important,Moderately important,Slightly important,Slightly important,Slightly important,Not at all important,Extremely important,Extremely important,Moderately important,Moderately important,Moderately important,Always,Sometimes,Always,Sometimes,Sometimes,Sometimes,,Always,Always,Always,Most of the time,Never,,No,Moderately important,Poor,Poor,Poor,Good,,
1/10/2025 16:02,1/10/2025 16:06,IP Address,92,235,FALSE,1/17/2025 16:06,R_2w4gVNQwwBwp8Ly,anonymous,,,I understand and consent to participate in this survey.,Researchers,Educational institution,,Canada,Graduate Student,,25 - 34,1 - 5 years,Male,Sometimes,Sometimes,Never,Never,,,,,,,,,,,,,,,,,,,,,,,,,,,,,,,,,,,,,,,,,,,,No,,,No,No,"Languages,Development techniques","Languages,Development techniques","Languages,Development techniques","Languages,Development techniques","Languages,Development techniques",,No,,,,,,,,,,,,,,,,,,It doesnt seem like people are aware of or interested in using software in their research. ,"Postdoc,Research Software Engineer,Research Programmer,Software Developer,Programmer,Faculty",,Don’t know,,,,,,,,,,,,,Sometimes,Sometimes,Always,Sometimes,Sometimes,Sometimes,Sometimes,,,,,,,Dependent on the position (programmer vs. faculty),Moderately important,,,,,,
1/10/2025 16:02,1/10/2025 16:26,IP Address,38,1409,FALSE,1/17/2025 16:26,R_ZHKJSsywhd8FrhL,anonymous,,,I understand and consent to participate in this survey.,Developers,Industry,,United States of America,Other,Senior Content Developer,35 - 44,20 or more years,Female,Sometimes,Most of the time,Sometimes,Sometimes,Not at all,Not at all,Primary target,Secondary target,18,2,37,8,20,2,2,6,0,5,Reviewing,18,2,63,5,5,0,2,2,0,3,Reviewing,Never,Frequently,Never,Somewhat,Somewhat,Yes,,,,,,,,,,,,,,,,,,,,,,,,,,,,,,,,,,,,,,,,,,,,,,,,,,,,,,,,,,,,,,,,,,,,,,,,,,,,,
1/11/2025 6:02,1/11/2025 6:06,IP Address,81,225,FALSE,1/18/2025 6:06,R_2zOU5HX1Hb1U8F6,anonymous,,,I understand and consent to participate in this survey.,Researchers,Educational institution,,United States of America,Faculty,,35 - 44,11 - 15 years,Male,About half the time,Sometimes,Sometimes,Never,,,,,,,,,,,,,,,,,,,,,,,,,,,,,,,,,,,,,,,,,,,,No,,,No,No,,"Development techniques,Project Management",,,Languages,,No,,,,,,,,,,,,,,,,,,An arcane process for applying for reassigned time,,,No - I would have to move to another institution,,,,,,,,,,,,,,,,,,,,,,,,,,,,,,,,,
